N;Superficie_m2;Dormitorios;Bao;Cocina;Garaje;Lavandera;Zona;Precio
50;46;1;1;1;SI;SI;ACHUMANI;42000
48;47;1;1;1;NO;NO;ACHUMANI;43000
107;49;1;2;1;NO;NO;COTA COTA;45500
91;44;1;2;1;NO;NO;OBRAJES;49000
18;30;1;1;1;NO;NO;OBRAJES;50000
21;44;1;1;1;NO;NO;ACHUMANI;50000
37;87;2;3;1;SI;SI;ACHUMANI;50000
15;63;1;1;1;SI;NO;OBRAJES;55000
44;66;1;1;1;NO;NO;ACHUMANI;55000
81;63;2;1;1;NO;SI;OBRAJES;55000
71;43;1;1;1;SI;SI;OBRAJES;58000
33;60;1;1;1;NO;NO;MIRAFLORES;59000
66;72;1;1;1;NO;NO;MIRAFLORES;65000
24;64;2;1;1;NO;NO;COTA COTA;67000
63;46;1;1;1;NO;NO;COTA COTA;67500
109;61;1;1;1;NO;SI;MIRAFLORES;68000
117;61;1;1;1;NO;NO;MIRAFLORES;68000
84;67;1;1;1;NO;NO;MIRAFLORES;74000
126;48;1;1;1;NO;NO;CALACOTO;78000
135;100;3;2;1;NO;NO;COTA COTA;79000
36;71;1;2;1;NO;NO;ALTO CALACOTO;81000
124;84;1;2;1;SI;NO;COTA COTA;81869
4;53;2;1;1;NO;NO;MIRAFLORES;83000
29;63;1;1;1;NO;SI;COTA COTA;85000
9;87;2;1;1;SI;SI;MIRAFLORES;88000
108;100;2;3;1;NO;NO;ACHUMANI;89000
6;107;2;1;1;SI;SI;COTA COTA;90000
7;100;2;2;1;SI;SI;COTA COTA;90000
32;84;1;2;1;SI;NO;MIRAFLORES;90000
121;87;2;2;1;NO;SI;COTA COTA;90000
69;72;2;1;1;SI;NO;MIRAFLORES;92000
72;75;2;1;1;SI;SI;MIRAFLORES;95000
88;75;2;1;1;SI;NO;MIRAFLORES;95000
111;100;3;2;1;NO;SI;COTA COTA;98100
35;107;2;1;1;SI;NO;COTA COTA;99000
87;124;2;1;1;SI;SI;ACHUMANI;100000
136;82;2;2;1;SI;SI;COTA COTA;100000
96;86;1;2;1;SI;SI;MIRAFLORES;100077
17;85;2;2;1;NO;SI;COTA COTA;103000
98;75;1;2;1;SI;NO;MIRAFLORES;103470
77;97;3;1;1;SI;SI;COTA COTA;105000
79;96;2;1;1;NO;SI;COTA COTA;105000
95;122;3;2;1;NO;SI;ALTO OBRAJES;105000
106;80;2;2;1;NO;SI;ALTO CALACOTO;108000
52;101;1;2;1;SI;NO;COTA COTA;110000
92;126;3;4;1;SI;SI;COTA COTA;110000
115;126;3;4;1;SI;SI;COTA COTA;110000
34;103;1;3;1;SI;SI;ACHUMANI;110210
16;82;1;1;1;SI;SI;ACHUMANI;110700
23;92;1;3;1;NO;SI;COTA COTA;110900
67;77;1;1;1;SI;SI;ACHUMANI;112500
132;83;2;2;1;SI;SI;ACHUMANI;113000
83;98;2;3;1;NO;SI;MIRAFLORES;114000
140;98;2;3;1;SI;SI;MIRAFLORES;114000
1;135;3;1;1;SI;SI;COTA COTA;115000
89;130;3;3;1;SI;SI;ALTO CALACOTO;115000
127;133;3;1;1;SI;SI;ACHUMANI;115000
60;81;1;2;1;SI;SI;MIRAFLORES;116448
40;176;2;3;1;SI;SI;ACHUMANI;118000
41;98;2;3;1;NO;SI;MIRAFLORES;118000
46;98;2;2;1;SI;NO;MIRAFLORES;118000
55;98;2;2;1;NO;SI;MIRAFLORES;118000
20;108;3;2;1;SI;SI;COTA COTA;119000
82;162;4;3;1;SI;SI;OBRAJES;119000
122;162;4;3;1;SI;SI;ALTO OBRAJES;120000
105;160;2;1;1;SI;SI;ACHUMANI;121720
31;98;1;3;1;SI;NO;ACHUMANI;124000
13;99;2;2;1;SI;SI;COTA COTA;125000
54;125;1;3;1;SI;SI;ACHUMANI;125000
85;133;3;2;1;SI;SI;ALTO OBRAJES;125000
123;143;2;1;1;SI;SI;ACHUMANI;125000
59;102;2;3;1;SI;SI;COTA COTA;125700
68;146;2;1;1;SI;SI;ACHUMANI;129000
101;117;3;2;1;SI;NO;MIRAFLORES;130000
137;113;3;3;1;SI;NO;COTA COTA;132000
27;112;3;3;1;SI;SI;COTA COTA;135000
65;167;3;3;1;SI;NO;COTA COTA;135000
93;100;3;3;1;SI;SI;MIRAFLORES;135000
114;147;2;1;1;SI;SI;ACHUMANI;135000
8;122;2;2;1;SI;SI;ACHUMANI;138000
47;140;3;3;1;SI;SI;COTA COTA;140000
99;125;3;4;1;SI;SI;OBRAJES;140000
70;170;2;1;1;SI;SI;ACHUMANI;142000
78;138;3;3;1;SI;SI;ACHUMANI;142000
56;128;3;2;1;SI;SI;MIRAFLORES;145000
75;98;2;3;1;SI;NO;MIRAFLORES;145000
80;160;3;3;1;SI;SI;MIRAFLORES;145000
134;160;3;3;1;SI;SI;MIRAFLORES;145000
64;113;2;2;1;SI;SI;CALACOTO;149000
38;139;3;4;1;SI;SI;OBRAJES;150000
120;138;2;3;1;SI;SI;MIRAFLORES;150000
119;135;3;3;1;SI;SI;OBRAJES;150000
22;117;3;3;1;NO;SI;OBRAJES;152000
28;132;4;4;1;SI;SI;OBRAJES;154549
57;162;2;1;1;SI;SI;ACHUMANI;155000
133;138;4;3;1;SI;SI;MIRAFLORES;155000
3;111;2;3;1;SI;SI;ACHUMANI;155890
58;180;2;2;1;SI;SI;COTA COTA;156000
53;184;3;3;1;SI;SI;COTA COTA;157000
19;138;3;3;1;NO;SI;ALTO CALACOTO;160000
49;137;4;3;1;SI;SI;MIRAFLORES;165000
51;137;4;3;1;SI;NO;MIRAFLORES;165000
45;207;2;1;1;SI;SI;ACHUMANI;168000
112;149;3;1;1;SI;SI;COTA COTA;170000
43;168;2;3;1;SI;SI;ACHUMANI;170980
129;142;3;4;1;SI;SI;COTA COTA;175500
102;113;1;2;1;SI;SI;MIRAFLORES;179000
10;185;3;3;1;SI;SI;COTA COTA;180000
25;176;2;3;1;SI;SI;OBRAJES;180000
76;170;4;3;1;SI;SI;MIRAFLORES;180000
125;170;4;3;1;SI;SI;MIRAFLORES;180000
5;180;2;3;1;SI;SI;ACHUMANI;185000
12;164;3;3;1;SI;SI;ALTO CALACOTO;185000
42;146;4;3;1;SI;SI;MIRAFLORES;185000
61;205;2;1;1;SI;SI;ACHUMANI;185000
94;146;4;3;1;SI;NO;MIRAFLORES;185000
97;180;2;3;1;SI;SI;ACHUMANI;185000
110;180;3;4;1;SI;SI;ACHUMANI;185000
74;157;2;3;1;SI;NO;MIRAFLORES;189490
113;168;3;1;1;SI;SI;ACHUMANI;200000
90;177;3;3;1;SI;SI;OBRAJES;205000
103;200;3;3;1;SI;SI;ALTO CALACOTO;210000
30;245;3;2;1;SI;SI;COTA COTA;220000
14;150;3;3;1;SI;SI;ALTO CALACOTO;230000
138;240;4;3;1;SI;SI;COTA COTA;230000
2;158;3;3;1;SI;SI;CALACOTO;233000
100;145;2;3;1;SI;NO;MIRAFLORES;243100
116;166;3;3;1;SI;SI;ACHUMANI;248895
26;163;3;4;1;SI;SI;COTA COTA;250000
130;192;2;1;1;SI;SI;ACHUMANI;251100
139;191;3;3;1;SI;SI;ACHUMANI;251100
118;333;4;2;1;SI;SI;ACHUMANI;271700
73;199;3;3;1;SI;SI;ACHUMANI;280000
86;206;3;4;1;SI;SI;OBRAJES;288000
39;220;3;3;1;SI;SI;CALACOTO;315000
62;232;4;3;1;SI;SI;CALACOTO;315000
11;220;3;4;1;SI;SI;ALTO CALACOTO;320000
131;221;4;3;1;SI;SI;CALACOTO;350000
128;400;4;2;1;SI;SI;ACHUMANI;432000
104;400;1;1;1;SI;SI;ACHUMANI;640000
